VOL_CONFIRM_RATIO,RSI_BUY_MAX,SURGE_MAX_PCT,SELL_COOLDOWN_BARS,total_return,annual_return,max_drawdown,sharpe,trades,win_rate,final_value
0.5,100,0.15,3,0.6381507749629999,0.2572291400864395,-0.09535281227452415,1.1521362523121932,169,0.5434782608695652,1638150.7749629999
0.5,85,0.15,3,0.6381507749629999,0.2572291400864395,-0.09535281227452415,1.1521362523121932,169,0.5434782608695652,1638150.7749629999
0.5,80,0.15,3,0.6381507749629999,0.2572291400864395,-0.09535281227452415,1.1521362523121932,169,0.5434782608695652,1638150.7749629999
0.0,75,0.15,5,0.5504858768399996,0.2255651616494565,-0.11616120915999001,1.0520846027319042,168,0.5494505494505495,1550485.8768399996
0.5,85,0.15,5,0.5504858768399996,0.2255651616494565,-0.11616120915999001,1.0520846027319042,168,0.5494505494505495,1550485.8768399996
0.5,85,0.2,5,0.5504858768399996,0.2255651616494565,-0.11616120915999001,1.0520846027319042,168,0.5494505494505495,1550485.8768399996
0.5,100,0.2,5,0.5504858768399996,0.2255651616494565,-0.11616120915999001,1.0520846027319042,168,0.5494505494505495,1550485.8768399996
0.0,80,0.15,5,0.5504858768399996,0.2255651616494565,-0.11616120915999001,1.0520846027319042,168,0.5494505494505495,1550485.8768399996
0.0,80,0.2,5,0.5504858768399996,0.2255651616494565,-0.11616120915999001,1.0520846027319042,168,0.5494505494505495,1550485.8768399996
0.5,75,0.15,5,0.5504858768399996,0.2255651616494565,-0.11616120915999001,1.0520846027319042,168,0.5494505494505495,1550485.8768399996
0.5,75,0.2,5,0.5504858768399996,0.2255651616494565,-0.11616120915999001,1.0520846027319042,168,0.5494505494505495,1550485.8768399996
0.0,75,0.2,5,0.5504858768399996,0.2255651616494565,-0.11616120915999001,1.0520846027319042,168,0.5494505494505495,1550485.8768399996
0.5,80,0.15,5,0.5504858768399996,0.2255651616494565,-0.11616120915999001,1.0520846027319042,168,0.5494505494505495,1550485.8768399996
0.5,80,0.2,5,0.5504858768399996,0.2255651616494565,-0.11616120915999001,1.0520846027319042,168,0.5494505494505495,1550485.8768399996
0.5,100,0.15,5,0.5504858768399996,0.2255651616494565,-0.11616120915999001,1.0520846027319042,168,0.5494505494505495,1550485.8768399996
0.0,100,0.15,5,0.5504858768399996,0.2255651616494565,-0.11616120915999001,1.0520846027319042,168,0.5494505494505495,1550485.8768399996
0.3,80,0.15,5,0.5504858768399996,0.2255651616494565,-0.11616120915999001,1.0520846027319042,168,0.5494505494505495,1550485.8768399996
0.3,75,0.2,5,0.5504858768399996,0.2255651616494565,-0.11616120915999001,1.0520846027319042,168,0.5494505494505495,1550485.8768399996
0.0,100,0.2,5,0.5504858768399996,0.2255651616494565,-0.11616120915999001,1.0520846027319042,168,0.5494505494505495,1550485.8768399996
0.3,80,0.2,5,0.5504858768399996,0.2255651616494565,-0.11616120915999001,1.0520846027319042,168,0.5494505494505495,1550485.8768399996
0.0,85,0.15,5,0.5504858768399996,0.2255651616494565,-0.11616120915999001,1.0520846027319042,168,0.5494505494505495,1550485.8768399996
0.0,85,0.2,5,0.5504858768399996,0.2255651616494565,-0.11616120915999001,1.0520846027319042,168,0.5494505494505495,1550485.8768399996
0.3,85,0.15,5,0.5504858768399996,0.2255651616494565,-0.11616120915999001,1.0520846027319042,168,0.5494505494505495,1550485.8768399996
0.3,100,0.15,5,0.5504858768399996,0.2255651616494565,-0.11616120915999001,1.0520846027319042,168,0.5494505494505495,1550485.8768399996
0.3,100,0.2,5,0.5504858768399996,0.2255651616494565,-0.11616120915999001,1.0520846027319042,168,0.5494505494505495,1550485.8768399996
0.3,85,0.2,5,0.5504858768399996,0.2255651616494565,-0.11616120915999001,1.0520846027319042,168,0.5494505494505495,1550485.8768399996
0.3,75,0.15,5,0.5504858768399996,0.2255651616494565,-0.11616120915999001,1.0520846027319042,168,0.5494505494505495,1550485.8768399996
0.5,75,0.15,3,0.5492871369068003,0.22512561826693145,-0.1289214088532305,1.0110799506400219,165,0.5280898876404494,1549287.1369068003
0.5,70,0.15,3,0.5492871369068003,0.22512561826693145,-0.1289214088532305,1.0110799506400219,165,0.5280898876404494,1549287.1369068003
0.0,85,0.15,3,0.5239330838094002,0.21578594626827585,-0.11716978214789855,0.9857144982370747,173,0.5684210526315789,1523933.0838094002
0.0,75,0.15,3,0.5239330838094002,0.21578594626827585,-0.11716978214789855,0.9857144982370747,173,0.5684210526315789,1523933.0838094002
0.3,85,0.15,3,0.5239330838094002,0.21578594626827585,-0.11716978214789855,0.9857144982370747,173,0.5684210526315789,1523933.0838094002
0.3,100,0.15,3,0.5239330838094002,0.21578594626827585,-0.11716978214789855,0.9857144982370747,173,0.5684210526315789,1523933.0838094002
0.3,75,0.15,3,0.5239330838094002,0.21578594626827585,-0.11716978214789855,0.9857144982370747,173,0.5684210526315789,1523933.0838094002
0.0,100,0.15,3,0.5239330838094002,0.21578594626827585,-0.11716978214789855,0.9857144982370747,173,0.5684210526315789,1523933.0838094002
0.0,80,0.15,3,0.5239330838094002,0.21578594626827585,-0.11716978214789855,0.9857144982370747,173,0.5684210526315789,1523933.0838094002
0.3,80,0.15,3,0.5239330838094002,0.21578594626827585,-0.11716978214789855,0.9857144982370747,173,0.5684210526315789,1523933.0838094002
0.5,70,0.2,5,0.5181147089785997,0.2136309017317235,-0.11616120915999001,1.0014481212430142,160,0.5632183908045977,1518114.7089785996
0.0,70,0.15,5,0.5181147089785997,0.2136309017317235,-0.11616120915999001,1.0014481212430142,160,0.5632183908045977,1518114.7089785996
0.3,70,0.15,5,0.5181147089785997,0.2136309017317235,-0.11616120915999001,1.0014481212430142,160,0.5632183908045977,1518114.7089785996
0.3,70,0.2,5,0.5181147089785997,0.2136309017317235,-0.11616120915999001,1.0014481212430142,160,0.5632183908045977,1518114.7089785996
0.0,70,0.2,5,0.5181147089785997,0.2136309017317235,-0.11616120915999001,1.0014481212430142,160,0.5632183908045977,1518114.7089785996
0.5,70,0.15,5,0.5181147089785997,0.2136309017317235,-0.11616120915999001,1.0014481212430142,160,0.5632183908045977,1518114.7089785996
0.5,75,0.15,2,0.4913747661228005,0.20366938765870057,-0.12409485818911978,0.9363764020217895,176,0.5729166666666666,1491374.7661228005
0.5,85,0.15,2,0.4913747661228005,0.20366938765870057,-0.12409485818911978,0.9363764020217895,176,0.5729166666666666,1491374.7661228005
0.5,100,0.15,2,0.4913747661228005,0.20366938765870057,-0.12409485818911978,0.9363764020217895,176,0.5729166666666666,1491374.7661228005
0.5,80,0.15,2,0.4913747661228005,0.20366938765870057,-0.12409485818911978,0.9363764020217895,176,0.5729166666666666,1491374.7661228005
0.5,70,0.15,2,0.4913747661228005,0.20366938765870057,-0.12409485818911978,0.9363764020217895,176,0.5729166666666666,1491374.7661228005
0.0,70,0.15,3,0.4868788924998003,0.2019851473292047,-0.11716978214789855,0.9275485189901911,173,0.5578947368421052,1486878.8924998003
0.3,70,0.15,3,0.4868788924998003,0.2019851473292047,-0.11716978214789855,0.9275485189901911,173,0.5578947368421052,1486878.8924998003
0.5,70,0.2,3,0.4856255967242001,0.20151515216496851,-0.12575239329790977,0.9366840398245214,167,0.5222222222222223,1485625.5967242
0.5,70,0.0,3,0.4856255967242001,0.20151515216496851,-0.12575239329790977,0.9366840398245214,167,0.5222222222222223,1485625.5967242
0.5,70,0.3,3,0.4856255967242001,0.20151515216496851,-0.12575239329790977,0.9366840398245214,167,0.5222222222222223,1485625.5967242
0.0,75,0.15,2,0.4708884588720007,0.19597259030754155,-0.12858835765566612,0.8952343587715972,177,0.5670103092783505,1470888.4588720007
0.3,80,0.15,2,0.4708884588720007,0.19597259030754155,-0.12858835765566612,0.8952343587715972,177,0.5670103092783505,1470888.4588720007
0.3,70,0.15,2,0.4708884588720007,0.19597259030754155,-0.12858835765566612,0.8952343587715972,177,0.5670103092783505,1470888.4588720007
0.0,70,0.15,2,0.4708884588720007,0.19597259030754155,-0.12858835765566612,0.8952343587715972,177,0.5670103092783505,1470888.4588720007
0.3,75,0.15,2,0.4708884588720007,0.19597259030754155,-0.12858835765566612,0.8952343587715972,177,0.5670103092783505,1470888.4588720007
0.0,80,0.15,2,0.4708884588720007,0.19597259030754155,-0.12858835765566612,0.8952343587715972,177,0.5670103092783505,1470888.4588720007
0.0,85,0.15,2,0.4708884588720007,0.19597259030754155,-0.12858835765566612,0.8952343587715972,177,0.5670103092783505,1470888.4588720007
0.3,85,0.15,2,0.4708884588720007,0.19597259030754155,-0.12858835765566612,0.8952343587715972,177,0.5670103092783505,1470888.4588720007
0.0,100,0.15,2,0.4708884588720007,0.19597259030754155,-0.12858835765566612,0.8952343587715972,177,0.5670103092783505,1470888.4588720007
0.3,100,0.15,2,0.4708884588720007,0.19597259030754155,-0.12858835765566612,0.8952343587715972,177,0.5670103092783505,1470888.4588720007
0.5,75,0.1,3,0.46630825107240004,0.19424393739434054,-0.12654656796582275,0.8980941149542799,174,0.5729166666666666,1466308.2510724
0.5,85,0.1,3,0.46630825107240004,0.19424393739434054,-0.12654656796582275,0.8980941149542799,174,0.5729166666666666,1466308.2510724
0.5,80,0.1,3,0.46630825107240004,0.19424393739434054,-0.12654656796582275,0.8980941149542799,174,0.5729166666666666,1466308.2510724
0.5,100,0.1,3,0.46630825107240004,0.19424393739434054,-0.12654656796582275,0.8980941149542799,174,0.5729166666666666,1466308.2510724
0.5,85,0.1,5,0.46259048456059954,0.1928386552906114,-0.14742964310049106,0.8965243722365511,167,0.5494505494505495,1462590.4845605996
0.0,75,0.1,5,0.46259048456059954,0.1928386552906114,-0.14742964310049106,0.8965243722365511,167,0.5494505494505495,1462590.4845605996
0.5,100,0.1,5,0.46259048456059954,0.1928386552906114,-0.14742964310049106,0.8965243722365511,167,0.5494505494505495,1462590.4845605996
0.5,75,0.1,5,0.46259048456059954,0.1928386552906114,-0.14742964310049106,0.8965243722365511,167,0.5494505494505495,1462590.4845605996
0.3,100,0.1,5,0.46259048456059954,0.1928386552906114,-0.14742964310049106,0.8965243722365511,167,0.5494505494505495,1462590.4845605996
0.5,80,0.1,5,0.46259048456059954,0.1928386552906114,-0.14742964310049106,0.8965243722365511,167,0.5494505494505495,1462590.4845605996
0.0,80,0.1,5,0.46259048456059954,0.1928386552906114,-0.14742964310049106,0.8965243722365511,167,0.5494505494505495,1462590.4845605996
0.3,85,0.1,5,0.46259048456059954,0.1928386552906114,-0.14742964310049106,0.8965243722365511,167,0.5494505494505495,1462590.4845605996
0.3,80,0.1,5,0.46259048456059954,0.1928386552906114,-0.14742964310049106,0.8965243722365511,167,0.5494505494505495,1462590.4845605996
0.0,85,0.1,5,0.46259048456059954,0.1928386552906114,-0.14742964310049106,0.8965243722365511,167,0.5494505494505495,1462590.4845605996
0.3,75,0.1,5,0.46259048456059954,0.1928386552906114,-0.14742964310049106,0.8965243722365511,167,0.5494505494505495,1462590.4845605996
0.0,100,0.1,5,0.46259048456059954,0.1928386552906114,-0.14742964310049106,0.8965243722365511,167,0.5494505494505495,1462590.4845605996
0.0,70,0.3,3,0.4581587081927999,0.19116097906516538,-0.10883173618893485,0.8958972821935509,173,0.5578947368421052,1458158.7081928
0.0,75,0.0,3,0.4581587081927999,0.19116097906516538,-0.10883173618893485,0.8958972821935509,173,0.5578947368421052,1458158.7081928
0.0,100,0.3,3,0.4581587081927999,0.19116097906516538,-0.10883173618893485,0.8958972821935509,173,0.5578947368421052,1458158.7081928
0.0,85,0.3,3,0.4581587081927999,0.19116097906516538,-0.10883173618893485,0.8958972821935509,173,0.5578947368421052,1458158.7081928
0.0,85,0.2,3,0.4581587081927999,0.19116097906516538,-0.10883173618893485,0.8958972821935509,173,0.5578947368421052,1458158.7081928
0.0,80,0.0,3,0.4581587081927999,0.19116097906516538,-0.10883173618893485,0.8958972821935509,173,0.5578947368421052,1458158.7081928
0.3,80,0.0,3,0.4581587081927999,0.19116097906516538,-0.10883173618893485,0.8958972821935509,173,0.5578947368421052,1458158.7081928
0.3,75,0.2,3,0.4581587081927999,0.19116097906516538,-0.10883173618893485,0.8958972821935509,173,0.5578947368421052,1458158.7081928
0.0,100,0.2,3,0.4581587081927999,0.19116097906516538,-0.10883173618893485,0.8958972821935509,173,0.5578947368421052,1458158.7081928
0.3,75,0.3,3,0.4581587081927999,0.19116097906516538,-0.10883173618893485,0.8958972821935509,173,0.5578947368421052,1458158.7081928
0.3,75,0.0,3,0.4581587081927999,0.19116097906516538,-0.10883173618893485,0.8958972821935509,173,0.5578947368421052,1458158.7081928
0.3,70,0.0,3,0.4581587081927999,0.19116097906516538,-0.10883173618893485,0.8958972821935509,173,0.5578947368421052,1458158.7081928
0.0,100,0.0,3,0.4581587081927999,0.19116097906516538,-0.10883173618893485,0.8958972821935509,173,0.5578947368421052,1458158.7081928
0.3,70,0.3,3,0.4581587081927999,0.19116097906516538,-0.10883173618893485,0.8958972821935509,173,0.5578947368421052,1458158.7081928
0.3,70,0.2,3,0.4581587081927999,0.19116097906516538,-0.10883173618893485,0.8958972821935509,173,0.5578947368421052,1458158.7081928
0.3,100,0.0,3,0.4581587081927999,0.19116097906516538,-0.10883173618893485,0.8958972821935509,173,0.5578947368421052,1458158.7081928
0.3,85,0.3,3,0.4581587081927999,0.19116097906516538,-0.10883173618893485,0.8958972821935509,173,0.5578947368421052,1458158.7081928
0.0,80,0.2,3,0.4581587081927999,0.19116097906516538,-0.10883173618893485,0.8958972821935509,173,0.5578947368421052,1458158.7081928
0.0,80,0.3,3,0.4581587081927999,0.19116097906516538,-0.10883173618893485,0.8958972821935509,173,0.5578947368421052,1458158.7081928
0.3,100,0.3,3,0.4581587081927999,0.19116097906516538,-0.10883173618893485,0.8958972821935509,173,0.5578947368421052,1458158.7081928
0.0,70,0.0,3,0.4581587081927999,0.19116097906516538,-0.10883173618893485,0.8958972821935509,173,0.5578947368421052,1458158.7081928
0.0,70,0.2,3,0.4581587081927999,0.19116097906516538,-0.10883173618893485,0.8958972821935509,173,0.5578947368421052,1458158.7081928
0.0,85,0.0,3,0.4581587081927999,0.19116097906516538,-0.10883173618893485,0.8958972821935509,173,0.5578947368421052,1458158.7081928
0.0,75,0.3,3,0.4581587081927999,0.19116097906516538,-0.10883173618893485,0.8958972821935509,173,0.5578947368421052,1458158.7081928
0.0,75,0.2,3,0.4581587081927999,0.19116097906516538,-0.10883173618893485,0.8958972821935509,173,0.5578947368421052,1458158.7081928
0.3,100,0.2,3,0.4581587081927999,0.19116097906516538,-0.10883173618893485,0.8958972821935509,173,0.5578947368421052,1458158.7081928
0.3,80,0.3,3,0.4581587081927999,0.19116097906516538,-0.10883173618893485,0.8958972821935509,173,0.5578947368421052,1458158.7081928
0.3,85,0.0,3,0.4581587081927999,0.19116097906516538,-0.10883173618893485,0.8958972821935509,173,0.5578947368421052,1458158.7081928
0.3,85,0.2,3,0.4581587081927999,0.19116097906516538,-0.10883173618893485,0.8958972821935509,173,0.5578947368421052,1458158.7081928
0.3,80,0.2,3,0.4581587081927999,0.19116097906516538,-0.10883173618893485,0.8958972821935509,173,0.5578947368421052,1458158.7081928
0.5,100,0.2,2,0.44764341219820036,0.1871693767589575,-0.1282983057346686,0.8839207863870776,180,0.5510204081632653,1447643.4121982004
0.5,80,0.2,2,0.44764341219820036,0.1871693767589575,-0.1282983057346686,0.8839207863870776,180,0.5510204081632653,1447643.4121982004
0.5,80,0.0,2,0.44764341219820036,0.1871693767589575,-0.1282983057346686,0.8839207863870776,180,0.5510204081632653,1447643.4121982004
0.5,70,0.3,2,0.44764341219820036,0.1871693767589575,-0.1282983057346686,0.8839207863870776,180,0.5510204081632653,1447643.4121982004
0.5,70,0.2,2,0.44764341219820036,0.1871693767589575,-0.1282983057346686,0.8839207863870776,180,0.5510204081632653,1447643.4121982004
0.5,75,0.0,2,0.44764341219820036,0.1871693767589575,-0.1282983057346686,0.8839207863870776,180,0.5510204081632653,1447643.4121982004
0.5,70,0.0,2,0.44764341219820036,0.1871693767589575,-0.1282983057346686,0.8839207863870776,180,0.5510204081632653,1447643.4121982004
0.5,75,0.2,2,0.44764341219820036,0.1871693767589575,-0.1282983057346686,0.8839207863870776,180,0.5510204081632653,1447643.4121982004
0.5,75,0.3,2,0.44764341219820036,0.1871693767589575,-0.1282983057346686,0.8839207863870776,180,0.5510204081632653,1447643.4121982004
0.5,80,0.3,2,0.44764341219820036,0.1871693767589575,-0.1282983057346686,0.8839207863870776,180,0.5510204081632653,1447643.4121982004
0.5,85,0.2,2,0.44764341219820036,0.1871693767589575,-0.1282983057346686,0.8839207863870776,180,0.5510204081632653,1447643.4121982004
0.5,100,0.3,2,0.44764341219820036,0.1871693767589575,-0.1282983057346686,0.8839207863870776,180,0.5510204081632653,1447643.4121982004
0.5,85,0.0,2,0.44764341219820036,0.1871693767589575,-0.1282983057346686,0.8839207863870776,180,0.5510204081632653,1447643.4121982004
0.5,85,0.3,2,0.44764341219820036,0.1871693767589575,-0.1282983057346686,0.8839207863870776,180,0.5510204081632653,1447643.4121982004
0.5,100,0.0,2,0.44764341219820036,0.1871693767589575,-0.1282983057346686,0.8839207863870776,180,0.5510204081632653,1447643.4121982004
0.5,100,0.3,5,0.4470504096945997,0.18694381085670586,-0.12040951352459126,0.870865407988757,165,0.5,1447050.4096945997
0.0,100,0.3,5,0.4470504096945997,0.18694381085670586,-0.12040951352459126,0.870865407988757,165,0.5,1447050.4096945997
0.5,85,0.0,5,0.4470504096945997,0.18694381085670586,-0.12040951352459126,0.870865407988757,165,0.5,1447050.4096945997
0.5,85,0.3,5,0.4470504096945997,0.18694381085670586,-0.12040951352459126,0.870865407988757,165,0.5,1447050.4096945997
0.0,100,0.0,5,0.4470504096945997,0.18694381085670586,-0.12040951352459126,0.870865407988757,165,0.5,1447050.4096945997
0.5,80,0.3,5,0.4470504096945997,0.18694381085670586,-0.12040951352459126,0.870865407988757,165,0.5,1447050.4096945997
0.3,80,0.3,5,0.4470504096945997,0.18694381085670586,-0.12040951352459126,0.870865407988757,165,0.5,1447050.4096945997
0.0,80,0.0,5,0.4470504096945997,0.18694381085670586,-0.12040951352459126,0.870865407988757,165,0.5,1447050.4096945997
0.5,80,0.0,5,0.4470504096945997,0.18694381085670586,-0.12040951352459126,0.870865407988757,165,0.5,1447050.4096945997
0.3,80,0.0,5,0.4470504096945997,0.18694381085670586,-0.12040951352459126,0.870865407988757,165,0.5,1447050.4096945997
0.0,80,0.3,5,0.4470504096945997,0.18694381085670586,-0.12040951352459126,0.870865407988757,165,0.5,1447050.4096945997
0.0,85,0.0,5,0.4470504096945997,0.18694381085670586,-0.12040951352459126,0.870865407988757,165,0.5,1447050.4096945997
0.5,100,0.0,5,0.4470504096945997,0.18694381085670586,-0.12040951352459126,0.870865407988757,165,0.5,1447050.4096945997
0.3,85,0.0,5,0.4470504096945997,0.18694381085670586,-0.12040951352459126,0.870865407988757,165,0.5,1447050.4096945997
0.0,85,0.3,5,0.4470504096945997,0.18694381085670586,-0.12040951352459126,0.870865407988757,165,0.5,1447050.4096945997
0.3,100,0.0,5,0.4470504096945997,0.18694381085670586,-0.12040951352459126,0.870865407988757,165,0.5,1447050.4096945997
0.3,85,0.3,5,0.4470504096945997,0.18694381085670586,-0.12040951352459126,0.870865407988757,165,0.5,1447050.4096945997
0.3,100,0.3,5,0.4470504096945997,0.18694381085670586,-0.12040951352459126,0.870865407988757,165,0.5,1447050.4096945997
0.3,80,0.1,3,0.4442633837280001,0.18588301926415407,-0.12654656796582275,0.8574522610796378,178,0.5510204081632653,1444263.383728
0.3,85,0.1,3,0.4442633837280001,0.18588301926415407,-0.12654656796582275,0.8574522610796378,178,0.5510204081632653,1444263.383728
0.3,100,0.1,3,0.4442633837280001,0.18588301926415407,-0.12654656796582275,0.8574522610796378,178,0.5510204081632653,1444263.383728
0.0,80,0.1,3,0.4442633837280001,0.18588301926415407,-0.12654656796582275,0.8574522610796378,178,0.5510204081632653,1444263.383728
0.0,100,0.1,3,0.4442633837280001,0.18588301926415407,-0.12654656796582275,0.8574522610796378,178,0.5510204081632653,1444263.383728
0.3,75,0.1,3,0.4442633837280001,0.18588301926415407,-0.12654656796582275,0.8574522610796378,178,0.5510204081632653,1444263.383728
0.0,85,0.1,3,0.4442633837280001,0.18588301926415407,-0.12654656796582275,0.8574522610796378,178,0.5510204081632653,1444263.383728
0.0,75,0.1,3,0.4442633837280001,0.18588301926415407,-0.12654656796582275,0.8574522610796378,178,0.5510204081632653,1444263.383728
0.5,75,0.0,3,0.4441577643194001,0.18584279706347595,-0.11741610835436417,0.8758654269055431,177,0.5463917525773195,1444157.7643194
0.5,75,0.2,3,0.4441577643194001,0.18584279706347595,-0.11741610835436417,0.8758654269055431,177,0.5463917525773195,1444157.7643194
0.5,75,0.3,3,0.4441577643194001,0.18584279706347595,-0.11741610835436417,0.8758654269055431,177,0.5463917525773195,1444157.7643194
0.5,80,0.3,3,0.4441577643194001,0.18584279706347595,-0.11741610835436417,0.8758654269055431,177,0.5463917525773195,1444157.7643194
0.5,85,0.0,3,0.4441577643194001,0.18584279706347595,-0.11741610835436417,0.8758654269055431,177,0.5463917525773195,1444157.7643194
0.5,100,0.2,3,0.4441577643194001,0.18584279706347595,-0.11741610835436417,0.8758654269055431,177,0.5463917525773195,1444157.7643194
0.5,100,0.3,3,0.4441577643194001,0.18584279706347595,-0.11741610835436417,0.8758654269055431,177,0.5463917525773195,1444157.7643194
0.5,100,0.0,3,0.4441577643194001,0.18584279706347595,-0.11741610835436417,0.8758654269055431,177,0.5463917525773195,1444157.7643194
0.5,85,0.2,3,0.4441577643194001,0.18584279706347595,-0.11741610835436417,0.8758654269055431,177,0.5463917525773195,1444157.7643194
0.5,80,0.2,3,0.4441577643194001,0.18584279706347595,-0.11741610835436417,0.8758654269055431,177,0.5463917525773195,1444157.7643194
0.5,80,0.0,3,0.4441577643194001,0.18584279706347595,-0.11741610835436417,0.8758654269055431,177,0.5463917525773195,1444157.7643194
0.5,85,0.3,3,0.4441577643194001,0.18584279706347595,-0.11741610835436417,0.8758654269055431,177,0.5463917525773195,1444157.7643194
0.0,70,0.3,5,0.4360184143023996,0.18273839483376775,-0.12414613498188622,0.8513620407470184,162,0.4883720930232558,1436018.4143023996
0.3,70,0.3,5,0.4360184143023996,0.18273839483376775,-0.12414613498188622,0.8513620407470184,162,0.4883720930232558,1436018.4143023996
0.3,70,0.0,5,0.4360184143023996,0.18273839483376775,-0.12414613498188622,0.8513620407470184,162,0.4883720930232558,1436018.4143023996
0.0,75,0.0,5,0.4360184143023996,0.18273839483376775,-0.12414613498188622,0.8513620407470184,162,0.4883720930232558,1436018.4143023996
0.3,75,0.3,5,0.4360184143023996,0.18273839483376775,-0.12414613498188622,0.8513620407470184,162,0.4883720930232558,1436018.4143023996
0.3,75,0.0,5,0.4360184143023996,0.18273839483376775,-0.12414613498188622,0.8513620407470184,162,0.4883720930232558,1436018.4143023996
0.5,75,0.3,5,0.4360184143023996,0.18273839483376775,-0.12414613498188622,0.8513620407470184,162,0.4883720930232558,1436018.4143023996
0.5,70,0.3,5,0.4360184143023996,0.18273839483376775,-0.12414613498188622,0.8513620407470184,162,0.4883720930232558,1436018.4143023996
0.5,70,0.0,5,0.4360184143023996,0.18273839483376775,-0.12414613498188622,0.8513620407470184,162,0.4883720930232558,1436018.4143023996
0.0,75,0.3,5,0.4360184143023996,0.18273839483376775,-0.12414613498188622,0.8513620407470184,162,0.4883720930232558,1436018.4143023996
0.0,70,0.0,5,0.4360184143023996,0.18273839483376775,-0.12414613498188622,0.8513620407470184,162,0.4883720930232558,1436018.4143023996
0.5,75,0.0,5,0.4360184143023996,0.18273839483376775,-0.12414613498188622,0.8513620407470184,162,0.4883720930232558,1436018.4143023996
0.5,70,0.1,3,0.4330166851406002,0.18159113469097998,-0.12654656796582275,0.8438996296972572,174,0.5625,1433016.6851406002
0.5,75,0.1,2,0.4230231411554001,0.17776228961436313,-0.12654656796582275,0.8330553709468144,174,0.5625,1423023.1411554
0.5,70,0.1,2,0.4230231411554001,0.17776228961436313,-0.12654656796582275,0.8330553709468144,174,0.5625,1423023.1411554
0.5,100,0.1,2,0.4230231411554001,0.17776228961436313,-0.12654656796582275,0.8330553709468144,174,0.5625,1423023.1411554
0.5,85,0.1,2,0.4230231411554001,0.17776228961436313,-0.12654656796582275,0.8330553709468144,174,0.5625,1423023.1411554
0.5,80,0.1,2,0.4230231411554001,0.17776228961436313,-0.12654656796582275,0.8330553709468144,174,0.5625,1423023.1411554
0.3,70,0.1,3,0.4161131982846004,0.1751064324771605,-0.12654656796582275,0.8090812993227314,174,0.5520833333333334,1416113.1982846004
0.0,70,0.1,3,0.4161131982846004,0.1751064324771605,-0.12654656796582275,0.8090812993227314,174,0.5520833333333334,1416113.1982846004
0.0,80,0.2,2,0.41036888992539977,0.1728932962293106,-0.1244391900897895,0.8198021235421958,178,0.5463917525773195,1410368.8899253998
0.0,75,0.0,2,0.41036888992539977,0.1728932962293106,-0.1244391900897895,0.8198021235421958,178,0.5463917525773195,1410368.8899253998
0.0,100,0.3,2,0.41036888992539977,0.1728932962293106,-0.1244391900897895,0.8198021235421958,178,0.5463917525773195,1410368.8899253998
0.0,70,0.3,2,0.41036888992539977,0.1728932962293106,-0.1244391900897895,0.8198021235421958,178,0.5463917525773195,1410368.8899253998
0.3,75,0.0,2,0.41036888992539977,0.1728932962293106,-0.1244391900897895,0.8198021235421958,178,0.5463917525773195,1410368.8899253998
0.3,80,0.0,2,0.41036888992539977,0.1728932962293106,-0.1244391900897895,0.8198021235421958,178,0.5463917525773195,1410368.8899253998
0.3,75,0.2,2,0.41036888992539977,0.1728932962293106,-0.1244391900897895,0.8198021235421958,178,0.5463917525773195,1410368.8899253998
0.0,85,0.2,2,0.41036888992539977,0.1728932962293106,-0.1244391900897895,0.8198021235421958,178,0.5463917525773195,1410368.8899253998
0.0,85,0.0,2,0.41036888992539977,0.1728932962293106,-0.1244391900897895,0.8198021235421958,178,0.5463917525773195,1410368.8899253998
0.3,100,0.0,2,0.41036888992539977,0.1728932962293106,-0.1244391900897895,0.8198021235421958,178,0.5463917525773195,1410368.8899253998
0.3,100,0.3,2,0.41036888992539977,0.1728932962293106,-0.1244391900897895,0.8198021235421958,178,0.5463917525773195,1410368.8899253998
0.3,100,0.2,2,0.41036888992539977,0.1728932962293106,-0.1244391900897895,0.8198021235421958,178,0.5463917525773195,1410368.8899253998
0.0,75,0.2,2,0.41036888992539977,0.1728932962293106,-0.1244391900897895,0.8198021235421958,178,0.5463917525773195,1410368.8899253998
0.3,85,0.0,2,0.41036888992539977,0.1728932962293106,-0.1244391900897895,0.8198021235421958,178,0.5463917525773195,1410368.8899253998
0.0,100,0.2,2,0.41036888992539977,0.1728932962293106,-0.1244391900897895,0.8198021235421958,178,0.5463917525773195,1410368.8899253998
0.0,80,0.0,2,0.41036888992539977,0.1728932962293106,-0.1244391900897895,0.8198021235421958,178,0.5463917525773195,1410368.8899253998
0.3,75,0.3,2,0.41036888992539977,0.1728932962293106,-0.1244391900897895,0.8198021235421958,178,0.5463917525773195,1410368.8899253998
0.3,70,0.2,2,0.41036888992539977,0.1728932962293106,-0.1244391900897895,0.8198021235421958,178,0.5463917525773195,1410368.8899253998
0.3,70,0.3,2,0.41036888992539977,0.1728932962293106,-0.1244391900897895,0.8198021235421958,178,0.5463917525773195,1410368.8899253998
0.3,70,0.0,2,0.41036888992539977,0.1728932962293106,-0.1244391900897895,0.8198021235421958,178,0.5463917525773195,1410368.8899253998
0.0,100,0.0,2,0.41036888992539977,0.1728932962293106,-0.1244391900897895,0.8198021235421958,178,0.5463917525773195,1410368.8899253998
0.3,85,0.2,2,0.41036888992539977,0.1728932962293106,-0.1244391900897895,0.8198021235421958,178,0.5463917525773195,1410368.8899253998
0.3,80,0.3,2,0.41036888992539977,0.1728932962293106,-0.1244391900897895,0.8198021235421958,178,0.5463917525773195,1410368.8899253998
0.3,80,0.2,2,0.41036888992539977,0.1728932962293106,-0.1244391900897895,0.8198021235421958,178,0.5463917525773195,1410368.8899253998
0.0,70,0.0,2,0.41036888992539977,0.1728932962293106,-0.1244391900897895,0.8198021235421958,178,0.5463917525773195,1410368.8899253998
0.0,70,0.2,2,0.41036888992539977,0.1728932962293106,-0.1244391900897895,0.8198021235421958,178,0.5463917525773195,1410368.8899253998
0.3,85,0.3,2,0.41036888992539977,0.1728932962293106,-0.1244391900897895,0.8198021235421958,178,0.5463917525773195,1410368.8899253998
0.0,80,0.3,2,0.41036888992539977,0.1728932962293106,-0.1244391900897895,0.8198021235421958,178,0.5463917525773195,1410368.8899253998
0.0,85,0.3,2,0.41036888992539977,0.1728932962293106,-0.1244391900897895,0.8198021235421958,178,0.5463917525773195,1410368.8899253998
0.0,75,0.3,2,0.41036888992539977,0.1728932962293106,-0.1244391900897895,0.8198021235421958,178,0.5463917525773195,1410368.8899253998
0.0,75,0.1,2,0.39898274925719995,0.1684921747054049,-0.12654656796582275,0.7853433927618347,174,0.5520833333333334,1398982.7492572
0.3,70,0.1,2,0.39898274925719995,0.1684921747054049,-0.12654656796582275,0.7853433927618347,174,0.5520833333333334,1398982.7492572
0.0,85,0.1,2,0.39898274925719995,0.1684921747054049,-0.12654656796582275,0.7853433927618347,174,0.5520833333333334,1398982.7492572
0.0,80,0.1,2,0.39898274925719995,0.1684921747054049,-0.12654656796582275,0.7853433927618347,174,0.5520833333333334,1398982.7492572
0.3,80,0.1,2,0.39898274925719995,0.1684921747054049,-0.12654656796582275,0.7853433927618347,174,0.5520833333333334,1398982.7492572
0.3,75,0.1,2,0.39898274925719995,0.1684921747054049,-0.12654656796582275,0.7853433927618347,174,0.5520833333333334,1398982.7492572
0.0,100,0.1,2,0.39898274925719995,0.1684921747054049,-0.12654656796582275,0.7853433927618347,174,0.5520833333333334,1398982.7492572
0.3,85,0.1,2,0.39898274925719995,0.1684921747054049,-0.12654656796582275,0.7853433927618347,174,0.5520833333333334,1398982.7492572
0.3,100,0.1,2,0.39898274925719995,0.1684921747054049,-0.12654656796582275,0.7853433927618347,174,0.5520833333333334,1398982.7492572
0.0,70,0.1,2,0.39898274925719995,0.1684921747054049,-0.12654656796582275,0.7853433927618347,174,0.5520833333333334,1398982.7492572
0.0,70,0.1,5,0.39402534835239894,0.16656997378489136,-0.14742964310049106,0.7770364965619656,167,0.4943820224719101,1394025.348352399
0.3,70,0.1,5,0.39402534835239894,0.16656997378489136,-0.14742964310049106,0.7770364965619656,167,0.4943820224719101,1394025.348352399
0.5,70,0.1,5,0.39402534835239894,0.16656997378489136,-0.14742964310049106,0.7770364965619656,167,0.4943820224719101,1394025.348352399
0.8,70,0.15,5,0.3564845965883997,0.1518932454098365,-0.13291689060693584,0.7363627627825051,168,0.5483870967741935,1356484.5965883997
0.8,75,0.15,5,0.3564845965883997,0.1518932454098365,-0.13291689060693584,0.7363627627825051,168,0.5483870967741935,1356484.5965883997
0.5,70,0.1,1,0.35551882360459935,0.15151281653614257,-0.12275198466536745,0.7003860903879523,170,0.5274725274725275,1355518.8236045993
0.5,75,0.1,1,0.35551882360459935,0.15151281653614257,-0.12275198466536745,0.7003860903879523,170,0.5274725274725275,1355518.8236045993
0.5,85,0.1,1,0.35551882360459935,0.15151281653614257,-0.12275198466536745,0.7003860903879523,170,0.5274725274725275,1355518.8236045993
0.5,80,0.1,1,0.35551882360459935,0.15151281653614257,-0.12275198466536745,0.7003860903879523,170,0.5274725274725275,1355518.8236045993
0.5,100,0.1,1,0.35551882360459935,0.15151281653614257,-0.12275198466536745,0.7003860903879523,170,0.5274725274725275,1355518.8236045993
0.8,85,0.15,3,0.3540630748707999,0.15093910593615067,-0.14103544310794142,0.7278838028526333,162,0.5555555555555556,1354063.0748708
0.8,75,0.15,3,0.3540630748707999,0.15093910593615067,-0.14103544310794142,0.7278838028526333,162,0.5555555555555556,1354063.0748708
0.8,70,0.15,3,0.3540630748707999,0.15093910593615067,-0.14103544310794142,0.7278838028526333,162,0.5555555555555556,1354063.0748708
0.8,80,0.15,3,0.3540630748707999,0.15093910593615067,-0.14103544310794142,0.7278838028526333,162,0.5555555555555556,1354063.0748708
0.8,100,0.15,3,0.3540630748707999,0.15093910593615067,-0.14103544310794142,0.7278838028526333,162,0.5555555555555556,1354063.0748708
0.8,100,0.2,3,0.35104548581239975,0.14974881977499388,-0.1393311087759166,0.7191799852377198,170,0.5425531914893617,1351045.4858123998
0.8,85,0.2,3,0.35104548581239975,0.14974881977499388,-0.1393311087759166,0.7191799852377198,170,0.5425531914893617,1351045.4858123998
0.8,80,0.2,3,0.35104548581239975,0.14974881977499388,-0.1393311087759166,0.7191799852377198,170,0.5425531914893617,1351045.4858123998
0.8,70,0.2,5,0.34818116117720027,0.14861766918467145,-0.1420919962020439,0.7118676910016122,170,0.5425531914893617,1348181.1611772003
0.8,75,0.2,5,0.34818116117720027,0.14861766918467145,-0.1420919962020439,0.7118676910016122,170,0.5425531914893617,1348181.1611772003
0.8,80,0.2,5,0.34506335723879955,0.14738495134660345,-0.14178790679109465,0.7126795734889305,168,0.5376344086021505,1345063.3572387996
0.8,85,0.2,5,0.34506335723879955,0.14738495134660345,-0.14178790679109465,0.7126795734889305,168,0.5376344086021505,1345063.3572387996
0.8,100,0.2,5,0.34506335723879955,0.14738495134660345,-0.14178790679109465,0.7126795734889305,168,0.5376344086021505,1345063.3572387996
0.8,85,0.0,5,0.3438792887287994,0.1469163927545909,-0.13272733421861982,0.7101785658399421,170,0.5319148936170213,1343879.2887287994
0.8,80,0.0,5,0.3438792887287994,0.1469163927545909,-0.13272733421861982,0.7101785658399421,170,0.5319148936170213,1343879.2887287994
0.8,80,0.3,5,0.3438792887287994,0.1469163927545909,-0.13272733421861982,0.7101785658399421,170,0.5319148936170213,1343879.2887287994
0.8,85,0.3,5,0.3438792887287994,0.1469163927545909,-0.13272733421861982,0.7101785658399421,170,0.5319148936170213,1343879.2887287994
0.8,100,0.3,5,0.3438792887287994,0.1469163927545909,-0.13272733421861982,0.7101785658399421,170,0.5319148936170213,1343879.2887287994
0.8,100,0.0,5,0.3438792887287994,0.1469163927545909,-0.13272733421861982,0.7101785658399421,170,0.5319148936170213,1343879.2887287994
0.8,85,0.15,5,0.34137480014179905,0.14592458879706705,-0.14204648154255292,0.7085327432258984,164,0.5494505494505495,1341374.800141799
0.8,80,0.15,5,0.34137480014179905,0.14592458879706705,-0.14204648154255292,0.7085327432258984,164,0.5494505494505495,1341374.800141799
0.8,100,0.15,5,0.34137480014179905,0.14592458879706705,-0.14204648154255292,0.7085327432258984,164,0.5494505494505495,1341374.800141799
0.3,85,0.1,1,0.34058833528899934,0.14561293556882315,-0.12275198466536745,0.6686361036265257,178,0.5263157894736842,1340588.3352889994
0.3,100,0.1,1,0.34058833528899934,0.14561293556882315,-0.12275198466536745,0.6686361036265257,178,0.5263157894736842,1340588.3352889994
0.3,75,0.1,1,0.34058833528899934,0.14561293556882315,-0.12275198466536745,0.6686361036265257,178,0.5263157894736842,1340588.3352889994
0.0,75,0.1,1,0.34058833528899934,0.14561293556882315,-0.12275198466536745,0.6686361036265257,178,0.5263157894736842,1340588.3352889994
0.0,70,0.1,1,0.34058833528899934,0.14561293556882315,-0.12275198466536745,0.6686361036265257,178,0.5263157894736842,1340588.3352889994
0.3,70,0.1,1,0.34058833528899934,0.14561293556882315,-0.12275198466536745,0.6686361036265257,178,0.5263157894736842,1340588.3352889994
0.3,80,0.1,1,0.34058833528899934,0.14561293556882315,-0.12275198466536745,0.6686361036265257,178,0.5263157894736842,1340588.3352889994
0.0,85,0.1,1,0.34058833528899934,0.14561293556882315,-0.12275198466536745,0.6686361036265257,178,0.5263157894736842,1340588.3352889994
0.0,80,0.1,1,0.34058833528899934,0.14561293556882315,-0.12275198466536745,0.6686361036265257,178,0.5263157894736842,1340588.3352889994
0.0,100,0.1,1,0.34058833528899934,0.14561293556882315,-0.12275198466536745,0.6686361036265257,178,0.5263157894736842,1340588.3352889994
0.8,75,0.3,3,0.33526799769140037,0.14350206020980694,-0.1431537869290103,0.6856051585688407,172,0.5368421052631579,1335267.9976914003
0.8,70,0.3,3,0.33526799769140037,0.14350206020980694,-0.1431537869290103,0.6856051585688407,172,0.5368421052631579,1335267.9976914003
0.8,75,0.0,3,0.33526799769140037,0.14350206020980694,-0.1431537869290103,0.6856051585688407,172,0.5368421052631579,1335267.9976914003
0.8,70,0.0,3,0.33526799769140037,0.14350206020980694,-0.1431537869290103,0.6856051585688407,172,0.5368421052631579,1335267.9976914003
0.8,70,0.1,5,0.3280926770321999,0.1406480538914987,-0.132932672399439,0.677703428554009,169,0.5376344086021505,1328092.6770322
0.8,80,0.1,5,0.3280926770321999,0.1406480538914987,-0.132932672399439,0.677703428554009,169,0.5376344086021505,1328092.6770322
0.8,85,0.1,5,0.3280926770321999,0.1406480538914987,-0.132932672399439,0.677703428554009,169,0.5376344086021505,1328092.6770322
0.8,100,0.1,5,0.3280926770321999,0.1406480538914987,-0.132932672399439,0.677703428554009,169,0.5376344086021505,1328092.6770322
0.8,75,0.1,5,0.3280926770321999,0.1406480538914987,-0.132932672399439,0.677703428554009,169,0.5376344086021505,1328092.6770322
0.8,75,0.3,5,0.3276068278514,0.1404545073166008,-0.14158506703634408,0.671011120015814,176,0.5257731958762887,1327606.8278514
0.8,70,0.0,5,0.3276068278514,0.1404545073166008,-0.14158506703634408,0.671011120015814,176,0.5257731958762887,1327606.8278514
0.8,70,0.3,5,0.3276068278514,0.1404545073166008,-0.14158506703634408,0.671011120015814,176,0.5257731958762887,1327606.8278514
0.8,75,0.0,5,0.3276068278514,0.1404545073166008,-0.14158506703634408,0.671011120015814,176,0.5257731958762887,1327606.8278514
0.8,75,0.1,3,0.30697080534459975,0.13219844017068993,-0.14189220578040612,0.635100556804972,171,0.5319148936170213,1306970.8053445998
0.8,70,0.1,3,0.30697080534459975,0.13219844017068993,-0.14189220578040612,0.635100556804972,171,0.5319148936170213,1306970.8053445998
0.8,85,0.1,3,0.30528024112020014,0.131518990711867,-0.13910721918803987,0.6326237500409396,171,0.5212765957446809,1305280.2411202001
0.8,80,0.1,3,0.30528024112020014,0.131518990711867,-0.13910721918803987,0.6326237500409396,171,0.5212765957446809,1305280.2411202001
0.8,100,0.1,3,0.30528024112020014,0.131518990711867,-0.13910721918803987,0.6326237500409396,171,0.5212765957446809,1305280.2411202001
0.8,70,0.2,3,0.29898188670979975,0.12898347572739932,-0.1781482368839006,0.6164865131584294,172,0.5263157894736842,1298981.8867097998
0.8,75,0.2,3,0.29898188670979975,0.12898347572739932,-0.1781482368839006,0.6164865131584294,172,0.5263157894736842,1298981.8867097998
0.5,70,0.0,1,0.29127388234339957,0.12587149388524188,-0.1446953175657585,0.5762641951035274,171,0.4888888888888889,1291273.8823433996
0.5,80,0.15,1,0.29127388234339957,0.12587149388524188,-0.1446953175657585,0.5762641951035274,171,0.4888888888888889,1291273.8823433996
0.5,100,0.15,1,0.29127388234339957,0.12587149388524188,-0.1446953175657585,0.5762641951035274,171,0.4888888888888889,1291273.8823433996
0.5,75,0.15,1,0.29127388234339957,0.12587149388524188,-0.1446953175657585,0.5762641951035274,171,0.4888888888888889,1291273.8823433996
0.5,70,0.15,1,0.29127388234339957,0.12587149388524188,-0.1446953175657585,0.5762641951035274,171,0.4888888888888889,1291273.8823433996
0.5,70,0.3,1,0.29127388234339957,0.12587149388524188,-0.1446953175657585,0.5762641951035274,171,0.4888888888888889,1291273.8823433996
0.5,70,0.2,1,0.29127388234339957,0.12587149388524188,-0.1446953175657585,0.5762641951035274,171,0.4888888888888889,1291273.8823433996
0.5,85,0.15,1,0.29127388234339957,0.12587149388524188,-0.1446953175657585,0.5762641951035274,171,0.4888888888888889,1291273.8823433996
0.8,100,0.1,2,0.28975536349939973,0.12525724303895625,-0.14201814891863992,0.6091995319098867,173,0.5263157894736842,1289755.3634993997
0.8,80,0.1,2,0.28975536349939973,0.12525724303895625,-0.14201814891863992,0.6091995319098867,173,0.5263157894736842,1289755.3634993997
0.8,85,0.1,2,0.28975536349939973,0.12525724303895625,-0.14201814891863992,0.6091995319098867,173,0.5263157894736842,1289755.3634993997
0.8,75,0.1,2,0.28975536349939973,0.12525724303895625,-0.14201814891863992,0.6091995319098867,173,0.5263157894736842,1289755.3634993997
0.8,70,0.1,2,0.28975536349939973,0.12525724303895625,-0.14201814891863992,0.6091995319098867,173,0.5263157894736842,1289755.3634993997
0.5,75,0.3,1,0.2872001225552,0.12422275536376626,-0.1446953175657585,0.5679137813041696,171,0.4888888888888889,1287200.1225552
0.5,75,0.0,1,0.2872001225552,0.12422275536376626,-0.1446953175657585,0.5679137813041696,171,0.4888888888888889,1287200.1225552
0.5,75,0.2,1,0.2872001225552,0.12422275536376626,-0.1446953175657585,0.5679137813041696,171,0.4888888888888889,1287200.1225552
0.5,80,0.0,1,0.2872001225552,0.12422275536376626,-0.1446953175657585,0.5679137813041696,171,0.4888888888888889,1287200.1225552
0.5,85,0.3,1,0.2872001225552,0.12422275536376626,-0.1446953175657585,0.5679137813041696,171,0.4888888888888889,1287200.1225552
0.5,85,0.2,1,0.2872001225552,0.12422275536376626,-0.1446953175657585,0.5679137813041696,171,0.4888888888888889,1287200.1225552
0.5,85,0.0,1,0.2872001225552,0.12422275536376626,-0.1446953175657585,0.5679137813041696,171,0.4888888888888889,1287200.1225552
0.5,80,0.3,1,0.2872001225552,0.12422275536376626,-0.1446953175657585,0.5679137813041696,171,0.4888888888888889,1287200.1225552
0.5,100,0.0,1,0.2872001225552,0.12422275536376626,-0.1446953175657585,0.5679137813041696,171,0.4888888888888889,1287200.1225552
0.5,80,0.2,1,0.2872001225552,0.12422275536376626,-0.1446953175657585,0.5679137813041696,171,0.4888888888888889,1287200.1225552
0.5,100,0.2,1,0.2872001225552,0.12422275536376626,-0.1446953175657585,0.5679137813041696,171,0.4888888888888889,1287200.1225552
0.5,100,0.3,1,0.2872001225552,0.12422275536376626,-0.1446953175657585,0.5679137813041696,171,0.4888888888888889,1287200.1225552
0.0,70,0.0,1,0.27807573491199944,0.1205197379758447,-0.1446953175657585,0.5479028928253524,175,0.5,1278075.7349119994
0.0,70,0.15,1,0.27807573491199944,0.1205197379758447,-0.1446953175657585,0.5479028928253524,175,0.5,1278075.7349119994
0.0,70,0.2,1,0.27807573491199944,0.1205197379758447,-0.1446953175657585,0.5479028928253524,175,0.5,1278075.7349119994
0.3,70,0.3,1,0.27807573491199944,0.1205197379758447,-0.1446953175657585,0.5479028928253524,175,0.5,1278075.7349119994
0.0,70,0.3,1,0.27807573491199944,0.1205197379758447,-0.1446953175657585,0.5479028928253524,175,0.5,1278075.7349119994
0.3,70,0.15,1,0.27807573491199944,0.1205197379758447,-0.1446953175657585,0.5479028928253524,175,0.5,1278075.7349119994
0.0,75,0.15,1,0.27807573491199944,0.1205197379758447,-0.1446953175657585,0.5479028928253524,175,0.5,1278075.7349119994
0.0,100,0.15,1,0.27807573491199944,0.1205197379758447,-0.1446953175657585,0.5479028928253524,175,0.5,1278075.7349119994
0.3,70,0.2,1,0.27807573491199944,0.1205197379758447,-0.1446953175657585,0.5479028928253524,175,0.5,1278075.7349119994
0.3,70,0.0,1,0.27807573491199944,0.1205197379758447,-0.1446953175657585,0.5479028928253524,175,0.5,1278075.7349119994
0.3,100,0.15,1,0.27807573491199944,0.1205197379758447,-0.1446953175657585,0.5479028928253524,175,0.5,1278075.7349119994
0.3,80,0.15,1,0.27807573491199944,0.1205197379758447,-0.1446953175657585,0.5479028928253524,175,0.5,1278075.7349119994
0.3,85,0.15,1,0.27807573491199944,0.1205197379758447,-0.1446953175657585,0.5479028928253524,175,0.5,1278075.7349119994
0.0,85,0.15,1,0.27807573491199944,0.1205197379758447,-0.1446953175657585,0.5479028928253524,175,0.5,1278075.7349119994
0.3,75,0.15,1,0.27807573491199944,0.1205197379758447,-0.1446953175657585,0.5479028928253524,175,0.5,1278075.7349119994
0.0,80,0.15,1,0.27807573491199944,0.1205197379758447,-0.1446953175657585,0.5479028928253524,175,0.5,1278075.7349119994
0.8,80,0.0,3,0.2775507617824003,0.1203062536654933,-0.1716835725315909,0.5751176690999363,174,0.5208333333333334,1277550.7617824003
0.8,85,0.0,3,0.2775507617824003,0.1203062536654933,-0.1716835725315909,0.5751176690999363,174,0.5208333333333334,1277550.7617824003
0.8,80,0.3,3,0.2775507617824003,0.1203062536654933,-0.1716835725315909,0.5751176690999363,174,0.5208333333333334,1277550.7617824003
0.8,100,0.3,3,0.2775507617824003,0.1203062536654933,-0.1716835725315909,0.5751176690999363,174,0.5208333333333334,1277550.7617824003
0.8,85,0.3,3,0.2775507617824003,0.1203062536654933,-0.1716835725315909,0.5751176690999363,174,0.5208333333333334,1277550.7617824003
0.8,100,0.0,3,0.2775507617824003,0.1203062536654933,-0.1716835725315909,0.5751176690999363,174,0.5208333333333334,1277550.7617824003
0.3,85,0.2,1,0.2746674782565995,0.11913290498977736,-0.1446953175657585,0.540796501231842,177,0.4946236559139785,1274667.4782565995
0.3,80,0.2,1,0.2746674782565995,0.11913290498977736,-0.1446953175657585,0.540796501231842,177,0.4946236559139785,1274667.4782565995
0.3,75,0.3,1,0.2746674782565995,0.11913290498977736,-0.1446953175657585,0.540796501231842,177,0.4946236559139785,1274667.4782565995
0.3,75,0.0,1,0.2746674782565995,0.11913290498977736,-0.1446953175657585,0.540796501231842,177,0.4946236559139785,1274667.4782565995
0.0,100,0.3,1,0.2746674782565995,0.11913290498977736,-0.1446953175657585,0.540796501231842,177,0.4946236559139785,1274667.4782565995
0.0,75,0.0,1,0.2746674782565995,0.11913290498977736,-0.1446953175657585,0.540796501231842,177,0.4946236559139785,1274667.4782565995
0.0,100,0.2,1,0.2746674782565995,0.11913290498977736,-0.1446953175657585,0.540796501231842,177,0.4946236559139785,1274667.4782565995
0.3,100,0.2,1,0.2746674782565995,0.11913290498977736,-0.1446953175657585,0.540796501231842,177,0.4946236559139785,1274667.4782565995
0.0,85,0.2,1,0.2746674782565995,0.11913290498977736,-0.1446953175657585,0.540796501231842,177,0.4946236559139785,1274667.4782565995
0.3,75,0.2,1,0.2746674782565995,0.11913290498977736,-0.1446953175657585,0.540796501231842,177,0.4946236559139785,1274667.4782565995
0.3,80,0.0,1,0.2746674782565995,0.11913290498977736,-0.1446953175657585,0.540796501231842,177,0.4946236559139785,1274667.4782565995
0.0,80,0.0,1,0.2746674782565995,0.11913290498977736,-0.1446953175657585,0.540796501231842,177,0.4946236559139785,1274667.4782565995
0.3,85,0.0,1,0.2746674782565995,0.11913290498977736,-0.1446953175657585,0.540796501231842,177,0.4946236559139785,1274667.4782565995
0.3,85,0.3,1,0.2746674782565995,0.11913290498977736,-0.1446953175657585,0.540796501231842,177,0.4946236559139785,1274667.4782565995
0.3,80,0.3,1,0.2746674782565995,0.11913290498977736,-0.1446953175657585,0.540796501231842,177,0.4946236559139785,1274667.4782565995
0.0,100,0.0,1,0.2746674782565995,0.11913290498977736,-0.1446953175657585,0.540796501231842,177,0.4946236559139785,1274667.4782565995
0.3,100,0.0,1,0.2746674782565995,0.11913290498977736,-0.1446953175657585,0.540796501231842,177,0.4946236559139785,1274667.4782565995
0.3,100,0.3,1,0.2746674782565995,0.11913290498977736,-0.1446953175657585,0.540796501231842,177,0.4946236559139785,1274667.4782565995
0.0,75,0.2,1,0.2746674782565995,0.11913290498977736,-0.1446953175657585,0.540796501231842,177,0.4946236559139785,1274667.4782565995
0.0,75,0.3,1,0.2746674782565995,0.11913290498977736,-0.1446953175657585,0.540796501231842,177,0.4946236559139785,1274667.4782565995
0.0,85,0.3,1,0.2746674782565995,0.11913290498977736,-0.1446953175657585,0.540796501231842,177,0.4946236559139785,1274667.4782565995
0.0,80,0.3,1,0.2746674782565995,0.11913290498977736,-0.1446953175657585,0.540796501231842,177,0.4946236559139785,1274667.4782565995
0.0,80,0.2,1,0.2746674782565995,0.11913290498977736,-0.1446953175657585,0.540796501231842,177,0.4946236559139785,1274667.4782565995
0.0,85,0.0,1,0.2746674782565995,0.11913290498977736,-0.1446953175657585,0.540796501231842,177,0.4946236559139785,1274667.4782565995
0.8,75,0.0,2,0.26733604631599944,0.11614296228954579,-0.1646480904902178,0.5582378726774341,174,0.5263157894736842,1267336.0463159995
0.8,70,0.3,2,0.26733604631599944,0.11614296228954579,-0.1646480904902178,0.5582378726774341,174,0.5263157894736842,1267336.0463159995
0.8,85,0.0,2,0.26733604631599944,0.11614296228954579,-0.1646480904902178,0.5582378726774341,174,0.5263157894736842,1267336.0463159995
0.8,100,0.3,2,0.26733604631599944,0.11614296228954579,-0.1646480904902178,0.5582378726774341,174,0.5263157894736842,1267336.0463159995
0.8,75,0.3,2,0.26733604631599944,0.11614296228954579,-0.1646480904902178,0.5582378726774341,174,0.5263157894736842,1267336.0463159995
0.8,80,0.3,2,0.26733604631599944,0.11614296228954579,-0.1646480904902178,0.5582378726774341,174,0.5263157894736842,1267336.0463159995
0.8,100,0.0,2,0.26733604631599944,0.11614296228954579,-0.1646480904902178,0.5582378726774341,174,0.5263157894736842,1267336.0463159995
0.8,85,0.3,2,0.26733604631599944,0.11614296228954579,-0.1646480904902178,0.5582378726774341,174,0.5263157894736842,1267336.0463159995
0.8,70,0.0,2,0.26733604631599944,0.11614296228954579,-0.1646480904902178,0.5582378726774341,174,0.5263157894736842,1267336.0463159995
0.8,80,0.0,2,0.26733604631599944,0.11614296228954579,-0.1646480904902178,0.5582378726774341,174,0.5263157894736842,1267336.0463159995
0.8,70,0.2,2,0.2510700359321998,0.10947598512045498,-0.2048443086464188,0.5271823459439225,172,0.5157894736842106,1251070.0359321998
0.8,70,0.15,2,0.2510700359321998,0.10947598512045498,-0.2048443086464188,0.5271823459439225,172,0.5157894736842106,1251070.0359321998
0.8,85,0.2,2,0.2510700359321998,0.10947598512045498,-0.2048443086464188,0.5271823459439225,172,0.5157894736842106,1251070.0359321998
0.8,75,0.15,2,0.2510700359321998,0.10947598512045498,-0.2048443086464188,0.5271823459439225,172,0.5157894736842106,1251070.0359321998
0.8,75,0.2,2,0.2510700359321998,0.10947598512045498,-0.2048443086464188,0.5271823459439225,172,0.5157894736842106,1251070.0359321998
0.8,80,0.2,2,0.2510700359321998,0.10947598512045498,-0.2048443086464188,0.5271823459439225,172,0.5157894736842106,1251070.0359321998
0.8,80,0.15,2,0.2510700359321998,0.10947598512045498,-0.2048443086464188,0.5271823459439225,172,0.5157894736842106,1251070.0359321998
0.8,100,0.15,2,0.2510700359321998,0.10947598512045498,-0.2048443086464188,0.5271823459439225,172,0.5157894736842106,1251070.0359321998
0.8,85,0.15,2,0.2510700359321998,0.10947598512045498,-0.2048443086464188,0.5271823459439225,172,0.5157894736842106,1251070.0359321998
0.8,100,0.2,2,0.2510700359321998,0.10947598512045498,-0.2048443086464188,0.5271823459439225,172,0.5157894736842106,1251070.0359321998
1.0,85,0.15,5,0.23578056814920018,0.10316675458942903,-0.12777328955051462,0.4926947895350902,144,0.5384615384615384,1235780.5681492002
1.0,100,0.15,5,0.23578056814920018,0.10316675458942903,-0.12777328955051462,0.4926947895350902,144,0.5384615384615384,1235780.5681492002
1.0,80,0.15,5,0.23578056814920018,0.10316675458942903,-0.12777328955051462,0.4926947895350902,144,0.5384615384615384,1235780.5681492002
1.0,70,0.3,5,0.21724158786759992,0.0954601949976237,-0.13392261648582174,0.44803589569592456,142,0.5131578947368421,1217241.5878676
1.0,70,0.2,5,0.21724158786759992,0.0954601949976237,-0.13392261648582174,0.44803589569592456,142,0.5131578947368421,1217241.5878676
1.0,70,0.0,5,0.21724158786759992,0.0954601949976237,-0.13392261648582174,0.44803589569592456,142,0.5131578947368421,1217241.5878676
1.0,70,0.15,5,0.21284467006819974,0.09362320213788955,-0.13209049895665745,0.4403833640883522,142,0.5131578947368421,1212844.6700681997
1.0,75,0.15,5,0.21284467006819974,0.09362320213788955,-0.13209049895665745,0.4403833640883522,142,0.5131578947368421,1212844.6700681997
1.0,75,0.3,5,0.21091206841160032,0.09281464882770996,-0.1344020427629998,0.43390733738062215,144,0.5064935064935064,1210912.0684116003
1.0,75,0.2,5,0.21091206841160032,0.09281464882770996,-0.1344020427629998,0.43390733738062215,144,0.5064935064935064,1210912.0684116003
1.0,75,0.0,5,0.21091206841160032,0.09281464882770996,-0.1344020427629998,0.43390733738062215,144,0.5064935064935064,1210912.0684116003
1.0,100,0.0,5,0.21059923636700026,0.09268370249216695,-0.13488134391237283,0.4337773330190497,148,0.525,1210599.2363670003
1.0,80,0.2,5,0.21059923636700026,0.09268370249216695,-0.13488134391237283,0.4337773330190497,148,0.525,1210599.2363670003
1.0,85,0.0,5,0.21059923636700026,0.09268370249216695,-0.13488134391237283,0.4337773330190497,148,0.525,1210599.2363670003
1.0,100,0.3,5,0.21059923636700026,0.09268370249216695,-0.13488134391237283,0.4337773330190497,148,0.525,1210599.2363670003
1.0,80,0.0,5,0.21059923636700026,0.09268370249216695,-0.13488134391237283,0.4337773330190497,148,0.525,1210599.2363670003
1.0,85,0.2,5,0.21059923636700026,0.09268370249216695,-0.13488134391237283,0.4337773330190497,148,0.525,1210599.2363670003
1.0,85,0.3,5,0.21059923636700026,0.09268370249216695,-0.13488134391237283,0.4337773330190497,148,0.525,1210599.2363670003
1.0,80,0.3,5,0.21059923636700026,0.09268370249216695,-0.13488134391237283,0.4337773330190497,148,0.525,1210599.2363670003
1.0,100,0.2,5,0.21059923636700026,0.09268370249216695,-0.13488134391237283,0.4337773330190497,148,0.525,1210599.2363670003
1.0,85,0.1,5,0.18991292786820024,0.08398413191229315,-0.12324626446175754,0.3983074894455767,139,0.52,1189912.9278682002
1.0,80,0.1,5,0.18991292786820024,0.08398413191229315,-0.12324626446175754,0.3983074894455767,139,0.52,1189912.9278682002
1.0,100,0.1,5,0.18991292786820024,0.08398413191229315,-0.12324626446175754,0.3983074894455767,139,0.52,1189912.9278682002
1.0,70,0.1,5,0.18867460127199975,0.08346079388030025,-0.1326449363996061,0.39377843694141995,133,0.5070422535211268,1188674.6012719998
1.0,70,0.0,3,0.18512103146899958,0.08195736916252816,-0.14670284607597633,0.37954283963513546,142,0.5131578947368421,1185121.0314689996
1.0,70,0.2,3,0.18512103146899958,0.08195736916252816,-0.14670284607597633,0.37954283963513546,142,0.5131578947368421,1185121.0314689996
1.0,70,0.3,3,0.18512103146899958,0.08195736916252816,-0.14670284607597633,0.37954283963513546,142,0.5131578947368421,1185121.0314689996
0.8,80,0.1,1,0.18079488634859933,0.08012382114420213,-0.13865299778905418,0.37123760387706983,183,0.4897959183673469,1180794.8863485993
0.8,85,0.1,1,0.18079488634859933,0.08012382114420213,-0.13865299778905418,0.37123760387706983,183,0.4897959183673469,1180794.8863485993
0.8,100,0.1,1,0.18079488634859933,0.08012382114420213,-0.13865299778905418,0.37123760387706983,183,0.4897959183673469,1180794.8863485993
1.0,75,0.2,2,0.17923722136699968,0.0794627549542688,-0.17786489890553028,0.36404035384399985,139,0.4864864864864865,1179237.2213669997
1.0,70,0.2,2,0.17923722136699968,0.0794627549542688,-0.17786489890553028,0.36404035384399985,139,0.4864864864864865,1179237.2213669997
1.0,70,0.15,2,0.17923722136699968,0.0794627549542688,-0.17786489890553028,0.36404035384399985,139,0.4864864864864865,1179237.2213669997
1.0,75,0.15,2,0.17923722136699968,0.0794627549542688,-0.17786489890553028,0.36404035384399985,139,0.4864864864864865,1179237.2213669997
1.0,75,0.1,5,0.17404539986420003,0.07725598093890129,-0.1324802800894473,0.35955053795237635,135,0.5,1174045.3998642
1.0,75,0.1,2,0.17292043250240013,0.07677712631233757,-0.1509112933613917,0.3508330114836144,137,0.4931506849315068,1172920.4325024001
0.8,70,0.1,1,0.16960660282139947,0.07536512563513176,-0.14261016248902306,0.34525704400303814,177,0.4842105263157895,1169606.6028213995
0.8,75,0.1,1,0.16960660282139947,0.07536512563513176,-0.14261016248902306,0.34525704400303814,177,0.4842105263157895,1169606.6028213995
1.0,75,0.15,3,0.16362555942559986,0.07281120260440166,-0.15847228121908102,0.3307968288905483,142,0.5131578947368421,1163625.5594255999
1.0,70,0.15,3,0.16362555942559986,0.07281120260440166,-0.15847228121908102,0.3307968288905483,142,0.5131578947368421,1163625.5594255999
1.0,80,0.3,3,0.16326434198180004,0.0726567365532973,-0.15852683751088018,0.32874640146809575,146,0.5,1163264.3419818
1.0,80,0.2,3,0.16326434198180004,0.0726567365532973,-0.15852683751088018,0.32874640146809575,146,0.5,1163264.3419818
1.0,85,0.2,3,0.16326434198180004,0.0726567365532973,-0.15852683751088018,0.32874640146809575,146,0.5,1163264.3419818
1.0,75,0.2,3,0.16326434198180004,0.0726567365532973,-0.15852683751088018,0.32874640146809575,146,0.5,1163264.3419818
1.0,85,0.3,3,0.16326434198180004,0.0726567365532973,-0.15852683751088018,0.32874640146809575,146,0.5,1163264.3419818
1.0,80,0.0,3,0.16326434198180004,0.0726567365532973,-0.15852683751088018,0.32874640146809575,146,0.5,1163264.3419818
1.0,75,0.3,3,0.16326434198180004,0.0726567365532973,-0.15852683751088018,0.32874640146809575,146,0.5,1163264.3419818
1.0,100,0.3,3,0.16326434198180004,0.0726567365532973,-0.15852683751088018,0.32874640146809575,146,0.5,1163264.3419818
1.0,85,0.0,3,0.16326434198180004,0.0726567365532973,-0.15852683751088018,0.32874640146809575,146,0.5,1163264.3419818
1.0,75,0.0,3,0.16326434198180004,0.0726567365532973,-0.15852683751088018,0.32874640146809575,146,0.5,1163264.3419818
1.0,100,0.0,3,0.16326434198180004,0.0726567365532973,-0.15852683751088018,0.32874640146809575,146,0.5,1163264.3419818
1.0,100,0.2,3,0.16326434198180004,0.0726567365532973,-0.15852683751088018,0.32874640146809575,146,0.5,1163264.3419818
1.0,70,0.1,2,0.16322589892419986,0.07264029577960351,-0.16630289344336063,0.3282081822885128,133,0.5070422535211268,1163225.8989241999
1.0,80,0.15,3,0.16168265337379975,0.07198006196301154,-0.16004798205235438,0.32654120591748736,145,0.5256410256410257,1161682.6533737998
1.0,100,0.15,3,0.16168265337379975,0.07198006196301154,-0.16004798205235438,0.32654120591748736,145,0.5256410256410257,1161682.6533737998
1.0,85,0.15,3,0.16168265337379975,0.07198006196301154,-0.16004798205235438,0.32654120591748736,145,0.5256410256410257,1161682.6533737998
1.0,85,0.15,2,0.16132646816759977,0.07182761144013705,-0.19121897511895666,0.32290638656203746,143,0.5064935064935064,1161326.4681675998
1.0,80,0.15,2,0.16132646816759977,0.07182761144013705,-0.19121897511895666,0.32290638656203746,143,0.5064935064935064,1161326.4681675998
1.0,100,0.2,2,0.16132646816759977,0.07182761144013705,-0.19121897511895666,0.32290638656203746,143,0.5064935064935064,1161326.4681675998
1.0,100,0.15,2,0.16132646816759977,0.07182761144013705,-0.19121897511895666,0.32290638656203746,143,0.5064935064935064,1161326.4681675998
1.0,80,0.2,2,0.16132646816759977,0.07182761144013705,-0.19121897511895666,0.32290638656203746,143,0.5064935064935064,1161326.4681675998
1.0,85,0.2,2,0.16132646816759977,0.07182761144013705,-0.19121897511895666,0.32290638656203746,143,0.5064935064935064,1161326.4681675998
1.0,80,0.1,2,0.15680599357099995,0.06989062454197548,-0.16362943633881896,0.3134095839691132,141,0.5131578947368421,1156805.993571
1.0,85,0.1,2,0.15680599357099995,0.06989062454197548,-0.16362943633881896,0.3134095839691132,141,0.5131578947368421,1156805.993571
1.0,100,0.1,2,0.15680599357099995,0.06989062454197548,-0.16362943633881896,0.3134095839691132,141,0.5131578947368421,1156805.993571
0.8,70,0.15,1,0.14343599603199936,0.06413781529042795,-0.16775055749801454,0.28420833083145486,176,0.48936170212765956,1143435.9960319994
0.8,100,0.15,1,0.14343599603199936,0.06413781529042795,-0.16775055749801454,0.28420833083145486,176,0.48936170212765956,1143435.9960319994
0.8,85,0.15,1,0.14343599603199936,0.06413781529042795,-0.16775055749801454,0.28420833083145486,176,0.48936170212765956,1143435.9960319994
0.8,70,0.2,1,0.14343599603199936,0.06413781529042795,-0.16775055749801454,0.28420833083145486,176,0.48936170212765956,1143435.9960319994
0.8,75,0.15,1,0.14343599603199936,0.06413781529042795,-0.16775055749801454,0.28420833083145486,176,0.48936170212765956,1143435.9960319994
0.8,80,0.15,1,0.14343599603199936,0.06413781529042795,-0.16775055749801454,0.28420833083145486,176,0.48936170212765956,1143435.9960319994
0.8,75,0.2,1,0.14308175638139947,0.06398490475944363,-0.16801152768619818,0.28330975196427505,180,0.4791666666666667,1143081.7563813995
0.8,80,0.2,1,0.14308175638139947,0.06398490475944363,-0.16801152768619818,0.28330975196427505,180,0.4791666666666667,1143081.7563813995
0.8,85,0.2,1,0.14308175638139947,0.06398490475944363,-0.16801152768619818,0.28330975196427505,180,0.4791666666666667,1143081.7563813995
0.8,100,0.2,1,0.14308175638139947,0.06398490475944363,-0.16801152768619818,0.28330975196427505,180,0.4791666666666667,1143081.7563813995
1.0,70,0.1,3,0.1413010639305995,0.06321586867959561,-0.15901057125415372,0.2824218312478135,133,0.5070422535211268,1141301.0639305995
1.0,75,0.1,3,0.1315248779654,0.05898227240215803,-0.15949619147215063,0.25833016763975386,135,0.5,1131524.8779654
1.0,85,0.1,3,0.13019776681760048,0.058406054646265915,-0.1605809116254217,0.25560542273718534,139,0.52,1130197.7668176005
1.0,100,0.1,3,0.13019776681760048,0.058406054646265915,-0.1605809116254217,0.25560542273718534,139,0.52,1130197.7668176005
1.0,80,0.1,3,0.13019776681760048,0.058406054646265915,-0.1605809116254217,0.25560542273718534,139,0.52,1130197.7668176005
1.0,80,0.0,2,0.1297698739067996,0.058220190687271245,-0.18813815807106574,0.24947932580447718,144,0.4935064935064935,1129769.8739067996
1.0,100,0.3,2,0.1297698739067996,0.058220190687271245,-0.18813815807106574,0.24947932580447718,144,0.4935064935064935,1129769.8739067996
1.0,85,0.3,2,0.1297698739067996,0.058220190687271245,-0.18813815807106574,0.24947932580447718,144,0.4935064935064935,1129769.8739067996
1.0,85,0.0,2,0.1297698739067996,0.058220190687271245,-0.18813815807106574,0.24947932580447718,144,0.4935064935064935,1129769.8739067996
1.0,100,0.0,2,0.1297698739067996,0.058220190687271245,-0.18813815807106574,0.24947932580447718,144,0.4935064935064935,1129769.8739067996
1.0,80,0.3,2,0.1297698739067996,0.058220190687271245,-0.18813815807106574,0.24947932580447718,144,0.4935064935064935,1129769.8739067996
1.0,75,0.3,2,0.12933908333099958,0.05803302993392001,-0.18829559017445646,0.2485002182126995,141,0.48,1129339.0833309996
1.0,75,0.0,2,0.12933908333099958,0.05803302993392001,-0.18829559017445646,0.2485002182126995,141,0.48,1129339.0833309996
1.0,70,0.0,2,0.12933908333099958,0.05803302993392001,-0.18829559017445646,0.2485002182126995,141,0.48,1129339.0833309996
1.0,70,0.3,2,0.12933908333099958,0.05803302993392001,-0.18829559017445646,0.2485002182126995,141,0.48,1129339.0833309996
0.8,80,0.3,1,0.12206354340459988,0.05486630613998411,-0.1592952249463158,0.23363910489288173,187,0.5,1122063.5434046
0.8,85,0.3,1,0.12206354340459988,0.05486630613998411,-0.1592952249463158,0.23363910489288173,187,0.5,1122063.5434046
0.8,100,0.3,1,0.12206354340459988,0.05486630613998411,-0.1592952249463158,0.23363910489288173,187,0.5,1122063.5434046
0.8,85,0.0,1,0.12206354340459988,0.05486630613998411,-0.1592952249463158,0.23363910489288173,187,0.5,1122063.5434046
0.8,80,0.0,1,0.12206354340459988,0.05486630613998411,-0.1592952249463158,0.23363910489288173,187,0.5,1122063.5434046
0.8,100,0.0,1,0.12206354340459988,0.05486630613998411,-0.1592952249463158,0.23363910489288173,187,0.5,1122063.5434046
0.8,75,0.3,1,0.11248372833840037,0.0506797920862847,-0.16523987379617985,0.21090057276231247,180,0.4895833333333333,1112483.7283384004
0.8,70,0.0,1,0.11248372833840037,0.0506797920862847,-0.16523987379617985,0.21090057276231247,180,0.4895833333333333,1112483.7283384004
0.8,75,0.0,1,0.11248372833840037,0.0506797920862847,-0.16523987379617985,0.21090057276231247,180,0.4895833333333333,1112483.7283384004
0.8,70,0.3,1,0.11248372833840037,0.0506797920862847,-0.16523987379617985,0.21090057276231247,180,0.4895833333333333,1112483.7283384004
1.0,70,0.1,1,0.07731043392899982,0.035140398343042945,-0.1920542805409569,0.1255031561057556,135,0.45714285714285713,1077310.4339289998
1.0,75,0.1,1,0.07156427875979943,0.03257605494444804,-0.19635934845692926,0.1115153312317525,137,0.4507042253521127,1071564.2787597994
1.0,70,0.2,1,0.0714494883407997,0.03252475226254048,-0.22206930386280832,0.11162559622126886,132,0.463768115942029,1071449.4883407997
1.0,70,0.15,1,0.0714494883407997,0.03252475226254048,-0.22206930386280832,0.11162559622126886,132,0.463768115942029,1071449.4883407997
1.0,75,0.15,1,0.0714494883407997,0.03252475226254048,-0.22206930386280832,0.11162559622126886,132,0.463768115942029,1071449.4883407997
1.0,75,0.2,1,0.0714494883407997,0.03252475226254048,-0.22206930386280832,0.11162559622126886,132,0.463768115942029,1071449.4883407997
1.0,100,0.1,1,0.07141008878359943,0.03250714294501522,-0.196560431428224,0.11114689255460238,139,0.4583333333333333,1071410.0887835994
1.0,85,0.1,1,0.07141008878359943,0.03250714294501522,-0.196560431428224,0.11114689255460238,139,0.4583333333333333,1071410.0887835994
1.0,80,0.1,1,0.07141008878359943,0.03250714294501522,-0.196560431428224,0.11114689255460238,139,0.4583333333333333,1071410.0887835994
1.0,85,0.2,1,0.07073680223339983,0.03220616921384911,-0.22259643405492452,0.10987412701697974,135,0.4788732394366197,1070736.8022333998
1.0,85,0.15,1,0.07073680223339983,0.03220616921384911,-0.22259643405492452,0.10987412701697974,135,0.4788732394366197,1070736.8022333998
1.0,80,0.2,1,0.07073680223339983,0.03220616921384911,-0.22259643405492452,0.10987412701697974,135,0.4788732394366197,1070736.8022333998
1.0,100,0.2,1,0.07073680223339983,0.03220616921384911,-0.22259643405492452,0.10987412701697974,135,0.4788732394366197,1070736.8022333998
1.0,100,0.15,1,0.07073680223339983,0.03220616921384911,-0.22259643405492452,0.10987412701697974,135,0.4788732394366197,1070736.8022333998
1.0,80,0.15,1,0.07073680223339983,0.03220616921384911,-0.22259643405492452,0.10987412701697974,135,0.4788732394366197,1070736.8022333998
1.0,85,0.0,1,0.049351658788000234,0.022593205480988754,-0.21453609601692417,0.0590504398935542,138,0.4657534246575342,1049351.6587880002
1.0,100,0.0,1,0.049351658788000234,0.022593205480988754,-0.21453609601692417,0.0590504398935542,138,0.4657534246575342,1049351.6587880002
1.0,80,0.3,1,0.049351658788000234,0.022593205480988754,-0.21453609601692417,0.0590504398935542,138,0.4657534246575342,1049351.6587880002
1.0,100,0.3,1,0.049351658788000234,0.022593205480988754,-0.21453609601692417,0.0590504398935542,138,0.4657534246575342,1049351.6587880002
1.0,85,0.3,1,0.049351658788000234,0.022593205480988754,-0.21453609601692417,0.0590504398935542,138,0.4657534246575342,1049351.6587880002
1.0,80,0.0,1,0.049351658788000234,0.022593205480988754,-0.21453609601692417,0.0590504398935542,138,0.4657534246575342,1049351.6587880002
1.0,70,0.3,1,0.04215018976340001,0.019332419892782893,-0.2199613987989406,0.04132778545825482,132,0.4492753623188406,1042150.1897634
1.0,70,0.0,1,0.04215018976340001,0.019332419892782893,-0.2199613987989406,0.04132778545825482,132,0.4492753623188406,1042150.1897634
1.0,75,0.0,1,0.04215018976340001,0.019332419892782893,-0.2199613987989406,0.04132778545825482,132,0.4492753623188406,1042150.1897634
1.0,75,0.3,1,0.04215018976340001,0.019332419892782893,-0.2199613987989406,0.04132778545825482,132,0.4492753623188406,1042150.1897634
